name,1,2,3
python-flask-uwsgi8-file-preload,4031.63,4186.68,4200.52
python-flask-gunicorn2-eventlet-file-preload,2219.06,1365.78,2202.12
go-http,132157.62,130182.14,125437.54
python-flask-gunicorn8-mainheld-file-preload,12527.39,13110.18,13131.74
python-flask-gunicorn4-mainheld-file-preload,6950.08,6979.65,7058.62
python-flask-dev-file-none,598.94,597.25,593.35
python-flask-gunicorn2-gevent-file-preload,2172.56,2181.67,2204.23
python-flask-gunicorn8-file-preload,5033.36,5028.72,4898.39
python-flask-twisted-file-preload,640.51,662.43,646.45
python-flask-gevent-file-preload,1120.77,1131.86,1116.98
python-flask-gunicorn2-mainheld-file-preload,3660.73,3652.12,3640.64
python-flask-gunicorn4-eventlet-file-preload,4201.5,4296.27,4154.38
python-flask-gunicorn8-eventlet-file-preload,7832.78,7930.16,7808.98
python-flask-gunicorn8-gevent-file-preload,7894.63,7877.66,7844.71
python-tornado-tornado-file-none,17647.53,17832.59,16943.26
python-flask-gunicorn1-eventlet-file-preload,700.51,489.25,700.55
python-flask-uwsgi2-file-preload,3099.16,3195.45,3058.17
python-tornado-tornado-file-preload,16045.39,17377.28,17067.75
python-flask-gunicorn4-gevent-file-preload,4187.74,4180.08,4157.05
python-flask-gunicorn16-file-preload,11490.54,11338.17,11228.11
python-flask-gunicorn16-eventlet-file-preload,12194.25,12360.49,12820.78
python-flask-gunicorn1-file-preload,1045.53,1063.86,1039.05
python-flask-uwsgi16-file-preload,3414.1,3503.07,3674.19
go-fast-http,182065.63,187429.93,188266.1
python-flask-gunicorn4-file-preload,3662.72,3699.63,3741.25
python-flask-apache-wsgi-file-preload,1265.29,1332.14,1304.46
python-flask-dev-file-preload,601.57,596.78,596.61
python-flask-gunicorn1-mainheld-file-preload,1864.41,1842.3,1882.71
python-flask-gunicorn2-file-preload,2028.59,1995.09,2044.69
python-flask-gunicorn16-gevent-file-preload,13164.04,12054.82,13101.24
python-flask-gunicorn16-mainheld-file-preload,19432.14,19411.78,19750.4
python-flask-uwsgi1-file-preload,1637.5,1577.11,1565.36
python-flask-gunicorn1-gevent-file-preload,1106.64,880.88,888.07
python-flask-uwsgi4-file-preload,4472.51,4503.08,4490.22
